{
  "timestamp": "20260712_031259",
  "type": "sweep",
  "status": "failed: CUDA error: invalid configuration argument\nCUDA kernel errors might be asynchronously reported at some other API call, so the stacktrace below might be incorrect.\nFor debugging consider passing CUDA_LAUNCH_BLOCKING=1\nCompile with `TORCH_USE_CUDA_DSA` to enable device-side assertions.\n",
  "current_profile": null,
  "params": {
    "model": "/vol/models/Qwen_Qwen3-0.6B",
    "gpu": "A10",
    "max_model_len": 4096,
    "warmup_duration_s": 15.0,
    "measure_duration_s": 30.0,
    "warmup_drain_timeout_s": 30.0,
    "measure_drain_timeout_s": 120.0,
    "decay_rate": 0.0,
    "enforce_eager": false,
    "sweep_rates": [
      1,
      2,
      4,
      6,
      8,
      12,
      16,
      24,
      32,
      48
    ]
  },
  "profiles": [
    {
      "profile": {
        "label": "prefill-heavy",
        "description": "long input, short output \u2014 compute bound",
        "input_min": 1024,
        "input_max": 2048,
        "output_min": 32,
        "output_max": 128
      },
      "results": [
        {
          "throughput": 68.57155393307089,
          "p50_ttft": 0.10573990700001445,
          "p99_ttft": 0.3934366699999998,
          "p50_e2e": 0.5842711330000014,
          "p99_e2e": 1.1672117039999819,
          "avg_tpot": 0.006370235235301091,
          "avg_e2e": 0.6292246297692313,
          "num_requests": 26,
          "num_submitted": 26,
          "num_pending": 0,
          "total_output_tokens": 2023,
          "elapsed": 29.502029398000005,
          "drain_timed_out": false,
          "arrival_elapsed": 28.971241963999987,
          "drain_timeout": 120.0,
          "arrival_rate": 1,
          "saturated": false
        },
        {
          "throughput": 164.0913105537417,
          "p50_ttft": 0.04118263099999808,
          "p99_ttft": 0.45743311000001086,
          "p50_e2e": 0.5556591130000186,
          "p99_e2e": 1.144692176999996,
          "avg_tpot": 0.0068660003146915685,
          "avg_e2e": 0.5883220784218754,
          "num_requests": 64,
          "num_submitted": 64,
          "num_pending": 0,
          "total_output_tokens": 4927,
          "elapsed": 30.02596532000001,
          "drain_timed_out": false,
          "arrival_elapsed": 29.579766209000013,
          "drain_timeout": 120.0,
          "arrival_rate": 2,
          "saturated": false
        },
        {
          "throughput": 296.395330171185,
          "p50_ttft": 0.03477793900000847,
          "p99_ttft": 0.43024425799998767,
          "p50_e2e": 0.6174179619999904,
          "p99_e2e": 1.3889111179999816,
          "avg_tpot": 0.008152893014913969,
          "avg_e2e": 0.6841071796610181,
          "num_requests": 118,
          "num_submitted": 118,
          "num_pending": 0,
          "total_output_tokens": 9070,
          "elapsed": 30.601021935000006,
          "drain_timed_out": false,
          "arrival_elapsed": 30.170705846999994,
          "drain_timeout": 120.0,
          "arrival_rate": 4,
          "saturated": false
        },
        {
          "throughput": 423.664469736577,
          "p50_ttft": 0.04212174000002733,
          "p99_ttft": 0.2945321530000342,
          "p50_e2e": 0.8466503749999674,
          "p99_e2e": 2.0822748859999933,
          "avg_tpot": 0.011199338926788836,
          "avg_e2e": 0.9164169960751456,
          "num_requests": 173,
          "num_submitted": 173,
          "num_pending": 0,
          "total_output_tokens": 13304,
          "elapsed": 31.402208470000005,
          "drain_timed_out": false,
          "arrival_elapsed": 30.773507973999983,
          "drain_timeout": 120.0,
          "arrival_rate": 6,
          "saturated": false
        },
        {
          "throughput": 570.8930854944124,
          "p50_ttft": 0.044122778000030394,
          "p99_ttft": 0.4236316450000004,
          "p50_e2e": 1.108740317000013,
          "p99_e2e": 3.469322294000051,
          "avg_tpot": 0.014804584335562894,
          "avg_e2e": 1.1776969896595728,
          "num_requests": 235,
          "num_submitted": 235,
          "num_pending": 0,
          "total_output_tokens": 18222,
          "elapsed": 31.918410755000025,
          "drain_timed_out": false,
          "arrival_elapsed": 31.06074289700001,
          "drain_timeout": 120.0,
          "arrival_rate": 8,
          "saturated": false
        },
        {
          "throughput": 814.6702177008934,
          "p50_ttft": 0.05121648400000822,
          "p99_ttft": 0.27293895100001464,
          "p50_e2e": 2.320579054999996,
          "p99_e2e": 4.773469030000001,
          "avg_tpot": 0.03054099549081302,
          "avg_e2e": 2.383588118348837,
          "num_requests": 344,
          "num_submitted": 344,
          "num_pending": 0,
          "total_output_tokens": 26822,
          "elapsed": 32.923751743000025,
          "drain_timed_out": false,
          "arrival_elapsed": 31.66039964500004,
          "drain_timeout": 120.0,
          "arrival_rate": 12,
          "saturated": false
        },
        {
          "throughput": 922.9571194303367,
          "p50_ttft": 2.0090106860000105,
          "p99_ttft": 3.472900253999967,
          "p50_e2e": 8.582023708000008,
          "p99_e2e": 14.228345079000007,
          "avg_tpot": 0.09006420833472317,
          "avg_e2e": 8.776057629776554,
          "num_requests": 452,
          "num_submitted": 452,
          "num_pending": 0,
          "total_output_tokens": 34816,
          "elapsed": 37.722229199000026,
          "drain_timed_out": false,
          "arrival_elapsed": 32.356877806,
          "drain_timeout": 120.0,
          "arrival_rate": 16,
          "saturated": false
        },
        {
          "throughput": 878.9382654759274,
          "p50_ttft": 17.313574826999968,
          "p99_ttft": 28.238607974000047,
          "p50_e2e": 24.327638090999983,
          "p99_e2e": 33.76794135799997,
          "avg_tpot": 0.08896547094497426,
          "avg_e2e": 24.367458036960926,
          "num_requests": 716,
          "num_submitted": 716,
          "num_pending": 0,
          "total_output_tokens": 56097,
          "elapsed": 63.823595129999944,
          "drain_timed_out": false,
          "arrival_elapsed": 32.903388248,
          "drain_timeout": 120.0,
          "arrival_rate": 24,
          "saturated": true,
          "saturation_reason": "throughput plateau (879 vs 923 tok/s)"
        },
        {
          "arrival_rate": 32,
          "saturated": true
        },
        {
          "arrival_rate": 48,
          "saturated": true
        }
      ]
    },
    {
      "profile": {
        "label": "balanced",
        "description": "medium input + output \u2014 general workload",
        "input_min": 256,
        "input_max": 1024,
        "output_min": 256,
        "output_max": 1024
      },
      "results": [
        {
          "throughput": 609.9095744363005,
          "p50_ttft": 0.10271940300003735,
          "p99_ttft": 0.28110793200005446,
          "p50_e2e": 5.397674449999954,
          "p99_e2e": 8.76938097499999,
          "avg_tpot": 0.007787059723797885,
          "avg_e2e": 5.1714849540606025,
          "num_requests": 33,
          "num_submitted": 33,
          "num_pending": 0,
          "total_output_tokens": 21138,
          "elapsed": 34.65759661100003,
          "drain_timed_out": false,
          "arrival_elapsed": 30.12169475500002,
          "drain_timeout": 120.0,
          "arrival_rate": 1,
          "saturated": false
        },
        {
          "throughput": 1055.7893566795435,
          "p50_ttft": 0.03474161600001935,
          "p99_ttft": 0.17758729100000892,
          "p50_e2e": 6.31486996600006,
          "p99_e2e": 11.629923502999986,
          "avg_tpot": 0.010215634814345984,
          "avg_e2e": 6.526470616767859,
          "num_requests": 56,
          "num_submitted": 56,
          "num_pending": 0,
          "total_output_tokens": 35798,